<?xml version="1.0" encoding="utf-8"?>
<extension type="plugin" group="search" method="upgrade">
	<name>PLG_SEARCH_CONTENTGHSVS</name>
	<author>G@HService Berlin Neukölln, Volkmar Volli Schlothauer</author>
	<creationDate>2022-01-26</creationDate>
	<copyright>(C) 2022, G@HService Berlin Neukölln, Volkmar Volli Schlothauer (ghsvs.de)</copyright>
	<license>GNU General Public License version 3 or later; see LICENSE.txt.</license>
	<authorUrl>https://ghsvs.de</authorUrl>
	<version>2022.01.26</version>
 	<description>PLG_SEARCH_CONTENTGHSVS_XML_DESCRIPTION</description>

	<updateservers><server type="extension" priority="1" name="PLG_SEARCH_CONTENTGHSVS">https://raw.githubusercontent.com/GHSVS-de/upadateservers/master/plg_search_contentghsvs-update.xml</server></updateservers>

	<changelogurl>https://raw.githubusercontent.com/GHSVS-de/upadateservers/master/plg_search_contentghsvs-changelog.xml</changelogurl>

	<infourl>https://updates.ghsvs.de/changelog.php?file=plg_search_contentghsvs</infourl>

	<downloadUrl>
	https://github.com/GHSVS-de/plg_search_contentghsvs/raw/2022.01.26/dist/plg_search_contentghsvs-2022.01.26_.zip
	</downloadUrl>

	<versionCompare>
	https://github.com/GHSVS-de/plg_search_contentghsvs/compare/2022.01.26...2022.01.26
	</versionCompare>

	<scriptfile>installerScript.php</scriptfile>
	<minimumPhp>7.4.0</minimumPhp>
	<maximumPhp>8.99999.99999</maximumPhp>
	<minimumJoomla>3.10.0</minimumJoomla>
	<maximumJoomla>3.9999.9999</maximumJoomla>
	<allowDowngrades>1</allowDowngrades>

	<files>
		<filename plugin="contentghsvs">contentghsvs.php</filename>
		<filename>installerScript.php</filename>
		<filename>LICENSE.txt</filename>
		<folder>language</folder>
	</files>

	<namespace path="src">Joomla\Plugin\Search\Contentghsvs</namespace>

	<config>
		<fields name="params">
			<fieldset name="basic">

    		<field type="hidden" default="1" name="contentghsvsplugin" />

				<field name="disablePrioritisationSpacer" type="note"
					class="alert alert-info"
					label="PLG_SEARCH_CONTENTGHSVS_DISABLEPRIORITISATION"
					description="PLG_SEARCH_CONTENTGHSVS_DISABLEPRIORITISATION_DESC"/>

				<field name="disablePrioritisation" type="list" default="1"
					filter="integer"
					label="PLG_SEARCH_CONTENTGHSVS_DISABLEPRIORITISATION">
					<option value="1">JYES</option>
					<option value="0">JNO</option>
				</field>

				<field
					name="search_limit"
					type="number"
					label="PLG_SEARCH_CONTENTGHSVS_FIELD_SEARCHLIMIT_LABEL"
					description="PLG_SEARCH_CONTENTGHSVS_FIELD_SEARCHLIMIT_DESC"
					default="50"
					filter="integer"
					size="5"
				/>

				<field
					name="search_content"
					type="radio"
					label="PLG_SEARCH_CONTENTGHSVS_FIELD_CONTENT_LABEL"
					description="PLG_SEARCH_CONTENTGHSVS_FIELD_CONTENT_DESC"
					class="btn-group btn-group-yesno"
					default="1"
					filter="integer"
					>
					<option value="1">JYES</option>
					<option value="0">JNO</option>
				</field>

				<field
					name="search_archived"
					type="radio"
					label="PLG_SEARCH_CONTENTGHSVS_FIELD_ARCHIVED_LABEL"
					description="PLG_SEARCH_CONTENTGHSVS_FIELD_ARCHIVED_DESC"
					class="btn-group btn-group-yesno"
					default="1"
					filter="integer"
					>
					<option value="1">JYES</option>
					<option value="0">JNO</option>
				</field>
			</fieldset>

		</fields>
	</config>
</extension>
